AREA,WARD,STAKE,Zone - n/a (does not update),,,,,,,,,,,,,Ward,Stake,Zone
Mt Vernon,Mount Vernon,Mount Vernon,Alexandria,CURRENT AREA KEY,,,,,,,,,,,,Annandale,Annandale,Annandale
Mount Vernon,Mount Vernon,Mount Vernon,Alexandria,Zone,Alexandria,Annandale,Bull Run,Langley,Loudoun,Manassas,McLean,Oakton,Woodbridge,,,Burke,Annandale,Annandale
MtVernon,Mount Vernon,Mount Vernon,Alexandria,Areas,Alexandria 1A,Annandale A,Centreville 1,Bull Run A (YSA),Algonkian,Cub Run A,Arlington 1,Franklin,Bristow,,,Fairfax,Annandale,Annandale
Fort Belvoir,Fort Belvoir,Mount Vernon,Alexandria,,Alexandria 1B,Annandale B,Centreville 2,Bull Run B (YSA),Ashburn,Cub Run B,Arlington 2,Herndon,Dale City A,,,Lincolnia,Annandale,Annandale
Ft Belvoir,Fort Belvoir,Mount Vernon,Alexandria,,Alexandria 2 l Assistants,Burke,Chantilly,Dulles (YSA),Belmont Ridge,Occoquan River A,Falls Church,Mandarin A,Dale City B,,,Rolling Valley,Annandale,Annandale
Belvoir,Fort Belvoir,Mount Vernon,Alexandria,,Arlington Ridge A,Fairfax,Fair Oaks,Langley A (YSA),Brambleton,Occoquan River B,Great Falls,Mandarin B,Lake Ridge A,,,Springfield,Annandale,Annandale
Alexandria 1B,Alexandria,Mount Vernon,Alexandria,,Arlington Ridge B,Lincolnia A,Gainesville,Langley B (YSA),Broadlands,Old Town A,Idylwood A,Mandarin C,Lake Ridge B,,,Wakefield,Annandale,Annandale
Alexandria 1st B,Alexandria,Mount Vernon,Alexandria,,Fort Belvoir,Lincolnia B,Haymarket,Occoquan (YSA),Goose Creek,Old Town B,Idylwood B,Oak Marr,Prince William,,,Old Town,Bella Vista,Bella Vista East
Alex 1B,Alexandria,Mount Vernon,Alexandria,,Huntley Meadows A,Rolling Valley l Office,Manassas A,Occoquan B (YSA),Leesburg,Old Town C,McLean,Oakton,Quantico,,,Little River,Bella Vista,Bella Vista East
Alexandria 1A,Alexandria,Mount Vernon,Alexandria,,Huntley Meadows B,Springfield,Manassas B,Pentagon City A (YSA),Potomac Crossing,Old Town D,Persian A,Reston,Woodbridge A,,,Spring Lake,Bella Vista,Bella Vista North
Alexandria 1st A,Alexandria,Mount Vernon,Alexandria,,Kingstowne,Wakefield l SMS Content,Opal l Auburn,Pentagon City B (YSA),Sterling Park,Old Town E,Persian B,Vienna,Woodbridge B,,,Bella Vista,Bella Vista,Bella Vista North
Alexandria 1,Alexandria,Mount Vernon,Alexandria,,Mt Vernon,,Vint Hill,Potomac Yard (YSA) I Potomac (SA),Tall Cedars,Potomac River A,Persian C,,,,,Loudoun,Bella Vista,Bella Vista North
Alexandria 2 l Assistants,Alexandria,Mount Vernon,Alexandria,,,,Warrenton,,Telegraph Springs l Short Hill,Potomac River B,Persian D,,,,,Occoquan River,Bella Vista,Bella Vista West
Alexandria 2 | Assistants,Alexandria,Mount Vernon,Alexandria,,,,,,,Sudley A,,,,,,Potomac River,Bella Vista,Bella Vista West
Alexandria 2 I Assistants,Alexandria,Mount Vernon,Alexandria,,,,,,,Sudley B l C,,,,,,Sudley,Bella Vista,Bella Vista West
Alexandria 2 l Assistant,Alexandria,Mount Vernon,Alexandria,,,,,,,,,,,,,Cub Run,Bella Vista,Bella Vista West
Alexandria 2 | Assistant,Alexandria,Mount Vernon,Alexandria,,,,,,,,,,,,,Broadlands,Brambleton,Loudoun
Alexandria 2,Alexandria,Mount Vernon,Alexandria,,,,,,,,,,,,,Brambleton,Brambleton,Loudoun
Alexandria 2nd,Alexandria,Mount Vernon,Alexandria,,,,,,,,,,,,,Sterling Park,Brambleton,Loudoun
Assistants,Alexandria,Mount Vernon,Alexandria,,,,,,,,,,,,,Algonkian,Brambleton,Loudoun
Alex 2,Alexandria,Mount Vernon,Alexandria,,,,,,,,,,,,,Tall Cedars,Brambleton,Loudoun
Huntley Meadows A,Huntley Meadows,Mount Vernon,Alexandria,,,,,,,,,,,,,Ashburn,Brambleton,Loudoun
Huntley Meadows,Huntley Meadows,Mount Vernon,Alexandria,,,,,,,,,,,,,Centreville 1st,Centreville,Bull Run
HM A,Huntley Meadows,Mount Vernon,Alexandria,,,,,,,,,,,,,Centreville 2nd,Centreville,Bull Run
Huntley Meadows B,Huntley Meadows,Mount Vernon,Alexandria,,,,,,,,,,,,,Chantilly,Centreville,Bull Run
HM B,Huntley Meadows,Mount Vernon,Alexandria,,,,,,,,,,,,,Fair Oaks,Centreville,Bull Run
Kingstowne,Kingstowne,Mount Vernon,Alexandria,,,,,,,,,,,,,Manassas,Centreville,Bull Run
Arlington Ridge A,Arlington Ridge,Mount Vernon,Alexandria,,,,,,,,,,,,,Twin Lakes,Centreville,Langley
Arlington Ridge,Arlington Ridge,Mount Vernon,Alexandria,,,,,,,,,,,,,Gainesville,Gainesville,Bull Run
Arl Ridge A,Arlington Ridge,Mount Vernon,Alexandria,,,,,,,,,,,,,Haymarket,Gainesville,Bull Run
Arlington Ridge B,Arlington Ridge,Mount Vernon,Alexandria,,,,,,,,,,,,,Opal,Gainesville,Bull Run
Arl Ridge B,Arlington Ridge,Mount Vernon,Alexandria,,,,,,,,,,,,,Auburn,Gainesville,Bull Run
Lincolnia A,Lincolnia,Annandale,Annandale,,,,,,,,,,,,,Vint Hill,Gainesville,Bull Run
Lincolnia,Lincolnia,Annandale,Annandale,,,,,,,,,,,,,Warrenton,Gainesville,Bull Run
Lincolnia B,Lincolnia,Annandale,Annandale,,,,,,,,,,,,,Potomac Crossing,Leesburg,Loudoun
Annandale A,Annandale,Annandale,Annandale,,,,,,,,,,,,,Belmont Ridge,Leesburg,Loudoun
Annandale,Annandale,Annandale,Annandale,,,,,,,,,,,,,Leesburg,Leesburg,Loudoun
Annandale B,Annandale,Annandale,Annandale,,,,,,,,,,,,,Goose Creek,Leesburg,Loudoun
Fairfax,Fairfax,Annandale,Annandale,,,,,,,,,,,,,Telegraph Springs,Leesburg,Loudoun
Rolling Valley l Office,Rolling Valley,Annandale,Annandale,,,,,,,,,,,,,Short Hill,Leesburg,Loudoun
Rolling Valley | Office,Rolling Valley,Annandale,Annandale,,,,,,,,,,,,,Arlington 1st,McLean,Great Falls
Rolling Valley I Office,Rolling Valley,Annandale,Annandale,,,,,,,,,,,,,Arlington 2nd,McLean,Great Falls
Rolling Valley,Rolling Valley,Annandale,Annandale,,,,,,,,,,,,,Falls Church 1st,McLean,Great Falls
Office,Rolling Valley,Annandale,Annandale,,,,,,,,,,,,,Falls Church 2nd,McLean,Langley
Burke,Burke,Annandale,Annandale,,,,,,,,,,,,,Great Falls,McLean,Great Falls
Springfield,Springfield,Annandale,Annandale,,,,,,,,,,,,,Idylwood,McLean,Great Falls
Wakefield l SMS Content,Wakefield,Annandale,Annandale,,,,,,,,,,,,,McLean,McLean,Great Falls
Wakefield | SMS Content,Wakefield,Annandale,Annandale,,,,,,,,,,,,,Tysons,McLean,Great Falls
Wakefield I SMS Content,Wakefield,Annandale,Annandale,,,,,,,,,,,,,Alexandria 1st,Mount Vernon,Alexandria
Wakefield,Wakefield,Annandale,Annandale,,,,,,,,,,,,,Alexandria 2nd,Mount Vernon,Alexandria
SMS Content,Wakefield,Annandale,Annandale,,,,,,,,,,,,,Arlington Ridge,Mount Vernon,Alexandria
Vint Hill,Vint Hill,Gainesville,Bull Run,,,,,,,,,,,,,Fort Belvoir,Mount Vernon,Alexandria
Manassas A,Manassas,Centreville,Bull Run,,,,,,,,,,,,,Huntley Meadows,Mount Vernon,Alexandria
Manassas,Manassas,Centreville,Bull Run,,,,,,,,,,,,,Kingstowne,Mount Vernon,Alexandria
Manassas B,Manassas,Centreville,Bull Run,,,,,,,,,,,,,Mount Vernon,Mount Vernon,Alexandria
Fair Oaks,Fair Oaks,Centreville,Bull Run,,,,,,,,,,,,,Potomac (SA),WDCS YSA,Langley
Centreville 1,Centreville,Centreville,Bull Run,,,,,,,,,,,,,Franklin,Oakton,Great Falls
Centreville 1st,Centreville,Centreville,Bull Run,,,,,,,,,,,,,Herndon,Oakton,Great Falls
Centreville 2,Centreville,Centreville,Bull Run,,,,,,,,,,,,,Oakton,Oakton,Great Falls
Centreville 2nd,Centreville,Centreville,Bull Run,,,,,,,,,,,,,Oak Marr,Oakton,Great Falls
Haymarket,Haymarket,Gainesville,Bull Run,,,,,,,,,,,,,Reston,Oakton,Great Falls
Gainesville l Haymarket,Haymarket,Gainesville,Bull Run,,,,,,,,,,,,,Vienna,Oakton,Great Falls
Gainesville | Haymarket,Haymarket,Gainesville,Bull Run,,,,,,,,,,,,,Bull Run,WDCS YSA,Langley
Gainesville I Haymarket,Haymarket,Gainesville,Bull Run,,,,,,,,,,,,,Dulles,WDCS YSA,Langley
Chantilly,Chantilly,Centreville,Bull Run,,,,,,,,,,,,,Langley,WDCS YSA,Langley
Opal l Auburn,Opal,Gainesville,Bull Run,,,,,,,,,,,,,Occoquan,WDCS YSA,Langley
Opal | Auburn,Opal,Gainesville,Bull Run,,,,,,,,,,,,,Pentagon City,WDCS YSA,Langley
Opal I Auburn,Opal,Gainesville,Bull Run,,,,,,,,,,,,,Potomac Yard,WDCS YSA,Langley
Opal,Opal,Gainesville,Bull Run,,,,,,,,,,,,,Dale City,Woodbridge,Woodbridge
Auburn,Opal,Gainesville,Bull Run,,,,,,,,,,,,,Lake Ridge,Woodbridge,Woodbridge
Warrenton,Warrenton,Gainesville,Bull Run,,,,,,,,,,,,,Prince William ,Woodbridge,Woodbridge
Gainesville,Gainesville,Gainesville,Bull Run,,,,,,,,,,,,,Bristow ,Woodbridge,Woodbridge
Falls Church,Falls Church,McLean,McLean,,,,,,,,,,,,,Quantico,Woodbridge,Woodbridge
Fall Church,Falls Church,McLean,McLean,,,,,,,,,,,,,Woodbridge,Woodbridge,Woodbridge
Falls Church 1st,Falls Church,McLean,McLean,,,,,,,,,,,,,,,
Falls Church 1,Falls Church,McLean,McLean,,,,,,,,,,,,,,,
Idylwood A,Idylwood,McLean,McLean,,,,,,,,,,,,,,,
Idylwood,Idylwood,McLean,McLean,,,,,,,,,,,,,,,
Idlywood,Idylwood,McLean,McLean,,,,,,,,,,,,,,,
Idlywood A,Idylwood,McLean,McLean,,,,,,,,,,,,,,,
Idylwood B,Idylwood,McLean,McLean,,,,,,,,,,,,,,,
Idlywood B,Idylwood,McLean,McLean,,,,,,,,,,,,,,,
Idlywood I Tysons,Idylwood,McLean,McLean,,,,,,,,,,,,,,,
Idylwood l Tysons,Idylwood,McLean,McLean,,,,,,,,,,,,,,,
Tysons,Idylwood,McLean,McLean,,,,,,,,,,,,,,,
McLean,McLean,McLean,McLean,,,,,,,,,,,,,,,
Arlington 1,Arlington,McLean,McLean,,,,,,,,,,,,,,,
Arlington 1st,Arlington,McLean,McLean,,,,,,,,,,,,,,,
Arlington 2,Arlington,McLean,McLean,,,,,,,,,,,,,,,
Arlington 2nd,Arlington,McLean,McLean,,,,,,,,,,,,,,,
Great Falls,Great Falls,McLean,McLean,,,,,,,,,,,,,,,
Persian A,Falls Church 2nd,McLean,McLean,,,,,,,,,,,,,,,
Persian D (A),Falls Church 2nd,McLean,McLean,,,,,,,,,,,,,,,
Persian A (A),Falls Church 2nd,McLean,McLean,,,,,,,,,,,,,,,
Persian,Falls Church 2nd,McLean,McLean,,,,,,,,,,,,,,,
Persian B,Falls Church 2nd,McLean,McLean,,,,,,,,,,,,,,,
Persian B l C (A),Falls Church 2nd,McLean,McLean,,,,,,,,,,,,,,,
Persian B | C,Falls Church 2nd,McLean,McLean,,,,,,,,,,,,,,,
Persian B I C,Falls Church 2nd,McLean,McLean,,,,,,,,,,,,,,,
Persian C,Falls Church 2nd,McLean,McLean,,,,,,,,,,,,,,,
Persian D,Falls Church 2nd,McLean,McLean,,,,,,,,,,,,,,,
Reston,Reston,Oakton,Oakton,,,,,,,,,,,,,,,
Franklin,Franklin,Oakton,Oakton,,,,,,,,,,,,,,,
Oak Marr,Oak Marr,Oakton,Oakton,,,,,,,,,,,,,,,
OakMarr,Oak Marr,Oakton,Oakton,,,,,,,,,,,,,,,
Oakton,Oakton,Oakton,Oakton,,,,,,,,,,,,,,,
Vienna,Vienna,Oakton,Oakton,,,,,,,,,,,,,,,
Herndon,Herndon,Oakton,Oakton,,,,,,,,,,,,,,,
Mandarin A,Twin Lakes,Centreville,Oakton,,,,,,,,,,,,,,,
Mandarin,Twin Lakes,Centreville,Oakton,,,,,,,,,,,,,,,
Mandarin B,Twin Lakes,Centreville,Oakton,,,,,,,,,,,,,,,
Mandarin C,Twin Lakes,Centreville,Oakton,,,,,,,,,,,,,,,
Pentagon City A (YSA),Pentagon City,WDCS YSA,Langley,,,,,,,,,,,,,,,
Pentagon City A,Pentagon City,WDCS YSA,Langley,,,,,,,,,,,,,,,
Pentagon City,Pentagon City,WDCS YSA,Langley,,,,,,,,,,,,,,,
Pentagon City B (YSA),Pentagon City,WDCS YSA,Langley,,,,,,,,,,,,,,,
Pentagon City B,Pentagon City,WDCS YSA,Langley,,,,,,,,,,,,,,,
Occoquan (YSA),Occoquan,WDCS YSA,Langley,,,,,,,,,,,,,,,
Occoquan A (YSA),Occoquan,WDCS YSA,Langley,,,,,,,,,,,,,,,
Occoquan,Occoquan,WDCS YSA,Langley,,,,,,,,,,,,,,,
Occoquan B (YSA),Occoquan,WDCS YSA,Langley,,,,,,,,,,,,,,,
Occoquan B,Occoquan,WDCS YSA,Langley,,,,,,,,,,,,,,,
Langley A (YSA),Langley,WDCS YSA,Langley,,,,,,,,,,,,,,,
Langley A,Langley,WDCS YSA,Langley,,,,,,,,,,,,,,,
Langley,Langley,WDCS YSA,Langley,,,,,,,,,,,,,,,
Langley B (YSA),Langley,WDCS YSA,Langley,,,,,,,,,,,,,,,
Langley B,Langley,WDCS YSA,Langley,,,,,,,,,,,,,,,
Potomac Yard (YSA) I Potomac (SA),Potomac Yard,WDCS YSA,Langley,,,,,,,,,,,,,,,
Potomac Yard (YSA) l Potomac (SA),Potomac Yard,WDCS YSA,Langley,,,,,,,,,,,,,,,
Potomac Yard (YSA) | Potomac (SA),Potomac Yard,WDCS YSA,Langley,,,,,,,,,,,,,,,
Potomac Yard (YSA),Potomac Yard,WDCS YSA,Langley,,,,,,,,,,,,,,,
Potomac Yard,Potomac Yard,WDCS YSA,Langley,,,,,,,,,,,,,,,
Potomac (SA),Potomac Yard,WDCS YSA,Langley,,,,,,,,,,,,,,,
Dulles (YSA),Dulles,WDCS YSA,Langley,,,,,,,,,,,,,,,
Dulles,Dulles,WDCS YSA,Langley,,,,,,,,,,,,,,,
Bull Run A (YSA),Bull Run YSA,WDCS YSA,Langley,,,,,,,,,,,,,,,
Bull Run A,Bull Run YSA,WDCS YSA,Langley,,,,,,,,,,,,,,,
Bull Run YSA,Bull Run YSA,WDCS YSA,Langley,,,,,,,,,,,,,,,
Bull Run B (YSA),Bull Run YSA,WDCS YSA,Langley,,,,,,,,,,,,,,,
Bull Run B,Bull Run YSA,WDCS YSA,Langley,,,,,,,,,,,,,,,
Leesburg,Leesburg,Leesburg,Loudoun,,,,,,,,,,,,,,,
Sterling Park,Sterling Park,Brambleton,Loudoun,,,,,,,,,,,,,,,
Sterling Park I Algonkian,Sterling Park,Brambleton,Loudoun,,,,,,,,,,,,,,,
Sterling Park l Algonkian,Sterling Park,Brambleton,Loudoun,,,,,,,,,,,,,,,
Tall Cedars,Tall Cedars,Brambleton,Loudoun,,,,,,,,,,,,,,,
Tall Cedars / South Riding,Tall Cedars,Brambleton,Loudoun,,,,,,,,,,,,,,,
South Riding,Tall Cedars,Brambleton,Loudoun,,,,,,,,,,,,,,,
Belmont Ridge,Belmont Ridge,Leesburg,Loudoun,,,,,,,,,,,,,,,
Broadlands,Broadlands,Brambleton,Loudoun,,,,,,,,,,,,,,,
Broadlands l Ashburn,Broadlands,Brambleton,Loudoun,,,,,,,,,,,,,,,
Broadlands I Brambleton,Broadlands,Brambleton,Loudoun,,,,,,,,,,,,,,,
Algonkian,Algonkian,Brambleton,Loudoun,,,,,,,,,,,,,,,
Potomac Crossing,Potomac Crossing,Leesburg,Loudoun,,,,,,,,,,,,,,,
Potomac Crossing I Ashburn,Potomac Crossing,Leesburg,Loudoun,,,,,,,,,,,,,,,
Potomac CrossingI Ashburn,Potomac Crossing,Leesburg,Loudoun,,,,,,,,,,,,,,,
Brambleton,Brambleton,Brambleton,Loudoun,,,,,,,,,,,,,,,
Goose Creek,Goose Creek,Leesburg,Loudoun,,,,,,,,,,,,,,,
Ashburn,Ashburn,Brambleton,Loudoun,,,,,,,,,,,,,,,
Telegraph Springs l Short Hill,Telegraph Springs,Leesburg,Loudoun,,,,,,,,,,,,,,,
Telegraph Springs | Short Hill,Telegraph Springs,Leesburg,Loudoun,,,,,,,,,,,,,,,
Telegraph Springs I Short Hill,Telegraph Springs,Leesburg,Loudoun,,,,,,,,,,,,,,,
Telegraph Springs,Telegraph Springs,Leesburg,Loudoun,,,,,,,,,,,,,,,
Short Hill,Telegraph Springs,Leesburg,Loudoun,,,,,,,,,,,,,,,
Woodbridge A,Woodbridge,Woodbridge,Woodbridge,,,,,,,,,,,,,,,
Woodbridge,Woodbridge,Woodbridge,Woodbridge,,,,,,,,,,,,,,,
Woodbridge B,Woodbridge,Woodbridge,Woodbridge,,,,,,,,,,,,,,,
Dale City A,Dale City,Woodbridge,Woodbridge,,,,,,,,,,,,,,,
Dale City,Dale City,Woodbridge,Woodbridge,,,,,,,,,,,,,,,
Dale City B,Dale City,Woodbridge,Woodbridge,,,,,,,,,,,,,,,
Lake Ridge A,Lake Ridge,Woodbridge,Woodbridge,,,,,,,,,,,,,,,
Lake Ridge,Lake Ridge,Woodbridge,Woodbridge,,,,,,,,,,,,,,,
Lake Ridge B,Lake Ridge,Woodbridge,Woodbridge,,,,,,,,,,,,,,,
Quantico,Quantico,Woodbridge,Woodbridge,,,,,,,,,,,,,,,
Prince William,Prince William,Woodbridge,Woodbridge,,,,,,,,,,,,,,,
Prince William l Bristow,Prince William,Woodbridge,Woodbridge,,,,,,,,,,,,,,,
Prince William | Bristow,Prince William,Woodbridge,Woodbridge,,,,,,,,,,,,,,,
Prince William I Bristow,Prince William,Woodbridge,Woodbridge,,,,,,,,,,,,,,,
Bristow,Bristow,Woodbridge,Woodbridge,,,,,,,,,,,,,,,
Cub Run A,Cub Run,Bella Vista,Manassas,,,,,,,,,,,,,,,
Cub Run,Cub Run,Bella Vista,Manassas,,,,,,,,,,,,,,,
Cub Run B,Cub Run,Bella Vista,Manassas,,,,,,,,,,,,,,,
Occoquan River A,Occoquan River,Bella Vista,Manassas,,,,,,,,,,,,,,,
Occoquan River,Occoquan River,Bella Vista,Manassas,,,,,,,,,,,,,,,
Occoquan River A l B,Occoquan River,Bella Vista,Manassas,,,,,,,,,,,,,,,
Occoquan River A | B,Occoquan River,Bella Vista,Manassas,,,,,,,,,,,,,,,
Occoquan River A I B,Occoquan River,Bella Vista,Manassas,,,,,,,,,,,,,,,
Occoquan River B,Occoquan River,Bella Vista,Manassas,,,,,,,,,,,,,,,
Sudley A,Sudley,Bella Vista,Manassas,,,,,,,,,,,,,,,
Sudley,Sudley,Bella Vista,Manassas,,,,,,,,,,,,,,,
Sudley A (SMS),Sudley,Bella Vista,Manassas,,,,,,,,,,,,,,,
Sudley A l B,Sudley,Bella Vista,Manassas,,,,,,,,,,,,,,,
Sudley B l C,Sudley,Bella Vista,Manassas,,,,,,,,,,,,,,,
Sudley B | C,Sudley,Bella Vista,Manassas,,,,,,,,,,,,,,,
Sudley B I C,Sudley,Bella Vista,Manassas,,,,,,,,,,,,,,,
Sudley B,Sudley,Bella Vista,Manassas,,,,,,,,,,,,,,,
Sudley C,Sudley,Bella Vista,Manassas,,,,,,,,,,,,,,,
Potomac River A,Potomac River,Bella Vista,Manassas,,,,,,,,,,,,,,,
Potomac River,Potomac River,Bella Vista,Manassas,,,,,,,,,,,,,,,
Potomac River B,Potomac River,Bella Vista,Manassas,,,,,,,,,,,,,,,
Old Town A,Old Town,Bella Vista,Manassas,,,,,,,,,,,,,,,
Old Town,Old Town,Bella Vista,Manassas,,,,,,,,,,,,,,,
Old Town A l E,Old Town,Bella Vista,Manassas,,,,,,,,,,,,,,,
Old Town A | E,Old Town,Bella Vista,Manassas,,,,,,,,,,,,,,,
Old Town A I E,Old Town,Bella Vista,Manassas,,,,,,,,,,,,,,,
Old Town B,Old Town,Bella Vista,Manassas,,,,,,,,,,,,,,,
Old Town D l B,Old Town,Bella Vista,Manassas,,,,,,,,,,,,,,,
Old Town D | B,Old Town,Bella Vista,Manassas,,,,,,,,,,,,,,,
Old Town D I B,Old Town,Bella Vista,Manassas,,,,,,,,,,,,,,,
Old Town C,Old Town,Bella Vista,Manassas,,,,,,,,,,,,,,,
Old Town D,Old Town,Bella Vista,Manassas,,,,,,,,,,,,,,,
Old Town E,Old Town,Bella Vista,Manassas,,,,,,,,,,,,,,,
Little River A,Little River,Bella Vista,Potomac,,,,,,,,,,,,,,,
Little River,Little River,Bella Vista,Potomac,,,,,,,,,,,,,,,
Little River B,Little River,Bella Vista,Potomac,,,,,,,,,,,,,,,
Little River B l C,Little River,Bella Vista,Potomac,,,,,,,,,,,,,,,
Little River B | C,Little River,Bella Vista,Potomac,,,,,,,,,,,,,,,
Little River B I C,Little River,Bella Vista,Potomac,,,,,,,,,,,,,,,
Little River B l D,Little River,Bella Vista,Potomac,,,,,,,,,,,,,,,
Little River B|D,Little River,Bella Vista,Potomac,,,,,,,,,,,,,,,
Little River C,Little River,Bella Vista,Potomac,,,,,,,,,,,,,,,
Little River D,Little River,Bella Vista,Potomac,,,,,,,,,,,,,,,
Bella Vista A,Bella Vista,Bella Vista,Potomac,,,,,,,,,,,,,,,
Bella Vista,Bella Vista,Bella Vista,Potomac,,,,,,,,,,,,,,,
Bella Vista B,Bella Vista,Bella Vista,Potomac,,,,,,,,,,,,,,,
Bella Vista B l C,Bella Vista,Bella Vista,Potomac,,,,,,,,,,,,,,,
Bella Vista B | C,Bella Vista,Bella Vista,Potomac,,,,,,,,,,,,,,,
Bella Vista B I C,Bella Vista,Bella Vista,Potomac,,,,,,,,,,,,,,,
Bella Vista C,Bella Vista,Bella Vista,Potomac,,,,,,,,,,,,,,,
Spring Lake A,Spring Lake,Bella Vista,Potomac,,,,,,,,,,,,,,,
Spring Lake,Spring Lake,Bella Vista,Potomac,,,,,,,,,,,,,,,
Spring Lake A l B,Spring Lake,Bella Vista,Potomac,,,,,,,,,,,,,,,
Spring Lake A I D,Spring Lake,Bella Vista,Potomac,,,,,,,,,,,,,,,
Spring Lake A l D,Spring Lake,Bella Vista,Potomac,,,,,,,,,,,,,,,
Spring Lake B,Spring Lake,Bella Vista,Potomac,,,,,,,,,,,,,,,
Spring Lake C,Spring Lake,Bella Vista,Potomac,,,,,,,,,,,,,,,
Spring Lake D,Spring Lake,Bella Vista,Potomac,,,,,,,,,,,,,,,
Loudoun A,Loudoun,Bella Vista,Potomac,,,,,,,,,,,,,,,
Loudoun,Loudoun,Bella Vista,Potomac,,,,,,,,,,,,,,,
Loudoun B,Loudoun,Bella Vista,Potomac,,,,,,,,,,,,,,,
Loudoun B I C,Loudoun,Bella Vista,Potomac,,,,,,,,,,,,,,,
Loudoun B l C,Loudoun,Bella Vista,Potomac,,,,,,,,,,,,,,,
Loudoun B | C,Loudoun,Bella Vista,Potomac,,,,,,,,,,,,,,,
Loudoun C,Loudoun,Bella Vista,Potomac,,,,,,,,,,,,,,,