Stakes & Wards,,,,,,,,,,
Annandale,Brambleton,Centreville,Gainesville,Leesburg,McLean,Mount Vernon,Oakton,WDCS YSA,Woodbridge,Bella Vista
Annandale,Ashburn,Centreville 1,Auburn,Belmont Ridge,Arlington 1,Alexandria 1,Franklin,Bull Run YSA,Bristow,Bella Vista
Burke,Brambleton,Centreville 2,Gainesville,Goose Creek,Arlington 2,Alexandria 2,Herndon,Dulles,Dale City,Cub Run 
Rolling Valley,Broadlands,Chantilly,Haymarket,Leesburg,Falls Church,Arlington Ridge,Oak Marr,Langley,Lake Ridge,Little River
Springfield,Tall Cedars,Fair Oaks,Opal,Potomac Crossing,Falls Church 2,Fort Belvoir,Oakton,Occoquan,Prince William,Loudoun
Wakefield,Sterling Park,Manassas,Vint Hill,Short Hill,Great Falls,Huntley Meadows,Reston,Pentagon City,Quantico,Occoquan River
Lincolnia,Algonkian,Twin Lakes,Warrenton,Telegraph Springs,Idlywood,Kingstowne,Vienna,Potomac Yard YSA,Woodbridge,Old Town
Fairfax,,,,,McLean,Mount Vernon,,Potomac (SA),,Potomac River
,,,,,Tysons,,,,,Spring Lake
,,,,,,,,,,Sudley 
